<?xml version="1.0" encoding="UTF-8"?>
<!-- IBM WebSphere Portal/8.5 build 20161208-1058 exported on Thu Feb 15 14:17:48 PST 2018 from uapp9048n/10.44.243.33 virtual portal: none (default virtual portal) -->
<!-- 1 [skin ZK_28I8H001JGTC30AGEA3F8U38S5] -->
<!-- 2 [skin ZK_28I8H001JGTC30AGEA3F8U38S1] -->
<!-- 3 [skin ZK_28I8H001JGTC30AGEA3F8U38S6] -->
<!-- 4 [theme ZJ_28I8H001JGTC30AGEA3F8U38S3] -->
<!-- 5 [skin ZK_00000000000000A0BR2B300670] -->
<!-- 6 [skin ZK_00000000000000A0BR2B300672] -->
<!-- 7 [skin ZK_00000000000000A0BR2B300674] -->
<!-- 8 [skin ZK_00000000000000A0BR2B300676] -->
<!-- 9 [theme ZJ_00000000000000A0BR2B300QC6] -->
<!-- 10 [content-node Z6_000000000000000000000000A0] -->
<!-- 11 [content-node Z6_00000000000000A0BR2B300G80] -->
<!-- 12 [content-node Z6_00000000000000A0BR2B300GC4] -->
<!-- 13 [component Z7_00000000000000A0BR2B300I82] -->
<!-- 14 [component Z7_00000000000000A0BR2B300I86] -->
<!-- 15 [component Z7_00000000000000A0BR2B300I81] -->
<!-- 16 [web-app Z1_00000000000000A0BR2B300IG4 uid=login.war.webmod] -->
<!-- 17 [portlet-app Z2_00000000000000A0BR2B300IG6 name=wp.ap.login uid=login.war] -->
<!-- 18 [servlet ZV_00000000000000A0BR2B300IG2] -->
<!-- 19 [portlet Z3_00000000000000A0BR2B300094 name=Login Portlet] -->
<!-- 20 [portletinstance Z5_00000000000000A0BR2B300I85] -->
<request build="20161208-1058" type="update" version="8.5.0.0" xmlns:xsi="http://www.w3.org/2001/XMLSchema-instance" xsi:noNamespaceSchemaLocation="PortalConfig_8.5.0.xsd">
    <portal action="locate">
        <skin action="locate" domain="rel" objectid="ZK_28I8H001JGTC30AGEA3F8U38S5" uniquename="bsca.80HiddenCustom"/>
        <skin action="locate" domain="rel" objectid="ZK_28I8H001JGTC30AGEA3F8U38S1" uniquename="bsca.80NoSkinCustom"/>
        <skin action="locate" domain="rel" objectid="ZK_28I8H001JGTC30AGEA3F8U38S6" uniquename="bsca.80StandardCustom"/>
        <skin action="locate" domain="rel" objectid="ZK_00000000000000A0BR2B300670" uniquename="ibm.portal.85Hidden"/>
        <skin action="locate" domain="rel" objectid="ZK_00000000000000A0BR2B300672" uniquename="ibm.portal.85Standard"/>
        <skin action="locate" domain="rel" objectid="ZK_00000000000000A0BR2B300674" uniquename="ibm.portal.85HiddenPlus"/>
        <skin action="locate" domain="rel" objectid="ZK_00000000000000A0BR2B300676" uniquename="ibm.portal.85NoSkin"/>
        <theme action="locate" domain="rel" objectid="ZJ_28I8H001JGTC30AGEA3F8U38S3" uniquename="bsca.theme.mpalpha"/>
        <theme action="locate" domain="rel" objectid="ZJ_00000000000000A0BR2B300QC6" uniquename="ibm.portal.85Theme"/>
        <web-app action="locate" domain="rel" objectid="Z1_00000000000000A0BR2B300IG4" uid="login.war.webmod">
            <servlet action="locate" domain="rel" name="Login Portlet" objectid="ZV_00000000000000A0BR2B300IG2"/>
            <portlet-app action="locate" domain="rel" name="wp.ap.login" objectid="Z2_00000000000000A0BR2B300IG6" uid="login.war">
                <portlet action="locate" domain="rel" name="Login Portlet" objectid="Z3_00000000000000A0BR2B300094" uniquename="wps.p.Login"/>
            </portlet-app>
        </web-app>
        <content-node action="locate" domain="rel" objectid="Z6_000000000000000000000000A0" uniquename="wps.content.root"/>
        <content-node action="locate" domain="rel" objectid="Z6_00000000000000A0BR2B300G80" uniquename="ibm.portal.HiddenPages"/>
        <content-node action="update" active="true" allportletsallowed="true" content-parentref="Z6_00000000000000A0BR2B300G80" create-type="explicit" domain="rel" objectid="Z6_00000000000000A0BR2B300GC4" ordinal="10" themeref="ZJ_28I8H001JGTC30AGEA3F8U38S3" type="page" uniquename="wps.Login.bak">
            <supported-markup markup="html" update="set"/>
            <localedata locale="ar">
                <title>بدء الاتصال</title>
            </localedata>
            <localedata locale="ca">
                <title>Inici de sessió</title>
            </localedata>
            <localedata locale="cs">
                <title>Přihlášení</title>
            </localedata>
            <localedata locale="da">
                <title>Logon</title>
            </localedata>
            <localedata locale="de">
                <title>Anmeldung</title>
            </localedata>
            <localedata locale="el">
                <title>Σύνδεση</title>
            </localedata>
            <localedata locale="en">
                <title>Login</title>
            </localedata>
            <localedata locale="es">
                <title>Inicio de sesión</title>
            </localedata>
            <localedata locale="fi">
                <title>Kirjaudu sisään</title>
            </localedata>
            <localedata locale="fr">
                <title>Connexion</title>
            </localedata>
            <localedata locale="hu">
                <title>Bejelentkezés</title>
            </localedata>
            <localedata locale="it">
                <title>Login</title>
            </localedata>
            <localedata locale="iw">
                <title>התחברות</title>
            </localedata>
            <localedata locale="ja">
                <title>ログイン</title>
            </localedata>
            <localedata locale="ko">
                <title>로그인</title>
            </localedata>
            <localedata locale="nl">
                <title>Aanmelden</title>
            </localedata>
            <localedata locale="no">
                <title>Logg på</title>
            </localedata>
            <localedata locale="pl">
                <title>Logowanie</title>
            </localedata>
            <localedata locale="pt">
                <title>Iniciar sessão</title>
            </localedata>
            <localedata locale="pt_BR">
                <title>Efetuar Login</title>
            </localedata>
            <localedata locale="ro">
                <title>Logare</title>
            </localedata>
            <localedata locale="ru">
                <title>Вход в систему</title>
            </localedata>
            <localedata locale="sk">
                <title>Prihlásiť</title>
            </localedata>
            <localedata locale="sl">
                <title>Prijava</title>
            </localedata>
            <localedata locale="sv">
                <title>Inloggning</title>
            </localedata>
            <localedata locale="th">
                <title>ลงชื่อเข้าใช้</title>
            </localedata>
            <localedata locale="tr">
                <title>Oturum Aç</title>
            </localedata>
            <localedata locale="uk">
                <title>Вхід до системи</title>
            </localedata>
            <localedata locale="zh">
                <title>登录</title>
            </localedata>
            <localedata locale="zh_TW">
                <title>登入</title>
            </localedata>
            <localedata locale="hr">
                <title>Prijava:</title>
            </localedata>
            <localedata locale="kk">
                <title>Кіру</title>
            </localedata>
            <parameter name="RenderMode" type="string" update="set"><![CDATA[force_ssa]]></parameter>
            <parameter name="com.ibm.portal.Hidden" type="string" update="set"><![CDATA[true]]></parameter>
            <parameter name="com.ibm.portal.IgnoreAccessControlInCaches" type="string" update="set"><![CDATA[false]]></parameter>
            <parameter name="com.ibm.portal.PageIcon" type="string" update="set"><![CDATA[icons/page/login.gif]]></parameter>
            <parameter name="com.ibm.portal.bookmarkable" type="string" update="set"><![CDATA[Yes]]></parameter>
            <parameter name="com.ibm.portal.feed.remote-cache-expiry" type="string" update="set"><![CDATA[86400]]></parameter>
            <parameter name="com.ibm.portal.friendly.name" type="string" update="set"><![CDATA[adminLogin]]></parameter>
            <parameter name="com.ibm.portal.layout.template.expiration" type="string" update="set"><![CDATA[1394130765062]]></parameter>
            <parameter name="com.ibm.portal.remote-cache-expiry" type="string" update="set"><![CDATA[86400]]></parameter>
            <parameter name="com.ibm.portal.remote-cache-scope" type="string" update="set"><![CDATA[NON-SHARED]]></parameter>
            <parameter name="com.ibm.portal.static.page.file.name.html" type="string" update="set"><![CDATA[dummy.html]]></parameter>
            <parameter name="page.background.image" type="string" update="set"><![CDATA[login]]></parameter>
            <parameter name="page.navigation.option" type="string" update="set"><![CDATA[minimal]]></parameter>
            <parameter name="param.sharing.scope.{http://www.ibm.com/xmlns/prod/datatype/content/resource-collections}" type="string" update="set"><![CDATA[ibm.portal.sharing.scope.page]]></parameter>
            <parameter name="param.sharing.scope.{http://www.ibm.com/xmlns/prod/datatype/content}" type="string" update="set"><![CDATA[ibm.portal.sharing.scope.page]]></parameter>
            <parameter name="param.sharing.scope.{http://www.ibm.com/xmlns/prod/websphere/portal/publicparams}path-info" type="string" update="set"><![CDATA[ibm.portal.sharing.scope.page]]></parameter>
            <parameter name="resourceaggregation.profile" type="string" update="set"><![CDATA[profiles/profile_deferred.json]]></parameter>
            <access-control externalized="false" owner="undefined" private="false">
                <role actionset="User" update="set">
                    <mapping subjectid="anonymous portal user" subjecttype="user" update="set"/>
                    <mapping subjectid="all authenticated portal users" subjecttype="user_group" update="set"/>
                </role>
            </access-control>
            <content-mapping-info>
                <content-mapping content-id="gxsywmg-dxsywmgvtkqzcustgoailgykonin" default="false" delegated-access-level="User" system="true"/>
            </content-mapping-info>
            <component action="update" active="true" deletable="undefined" domain="rel" modifiable="undefined" objectid="Z7_00000000000000A0BR2B300I82" ordinal="100" orientation="H" skinref="undefined" type="container" width="undefined">
                <component action="update" active="true" deletable="undefined" domain="rel" modifiable="undefined" objectid="Z7_00000000000000A0BR2B300I86" ordinal="99" orientation="V" skinref="undefined" type="container" width="700">
                    <component action="update" active="true" deletable="undefined" domain="rel" modifiable="undefined" objectid="Z7_00000000000000A0BR2B300I81" ordinal="99" skinref="undefined" type="control" width="undefined">
                        <portletinstance action="update" domain="rel" objectid="Z5_00000000000000A0BR2B300I85" portletref="Z3_00000000000000A0BR2B300094"/>
                    </component>
                </component>
            </component>
        </content-node>
    </portal>
    <status element="all" result="ok"/>
</request>